{
    "category_cols": [
        "GENDER"
    ],
    "float_cols": {
        "lab_float_CBC_RBC": {
            "max": 5.65,
            "mean": 4.142299333368106,
            "min": 0.0,
            "std": 0.6987874317278803
        },
        "lab_float_CBC_WBC": {
            "max": 20.11,
            "mean": 6.6680202543910605,
            "min": 0.02,
            "std": 8.229973781580068
        },
        "sign_DBP": {
            "max": 108.0,
            "mean": 77.44221608769799,
            "min": 0.0,
            "std": 12.415726868970822
        },
        "sign_SBP": {
            "max": 182.0,
            "mean": 128.3566817305931,
            "min": 0.0,
            "std": 20.732906207498864
        }
    }
}